NodeId	YN98.kappa	YN98.omega	YN98.freq_Codon.1_Full.theta	YN98.freq_Codon.1_Full.theta1	YN98.freq_Codon.1_Full.theta2	YN98.freq_Codon.2_Full.theta	YN98.freq_Codon.2_Full.theta1	YN98.freq_Codon.2_Full.theta2	YN98.freq_Codon.3_Full.theta	YN98.freq_Codon.3_Full.theta1	YN98.freq_Codon.3_Full.theta2
0	4.61573	3.76617	0.475824	0.616352	0.711316	0.469231	0.623188	0.63466	0.420879	0.434535	0.456919
3	4.61573	3.76617	0.475824	0.616352	0.711316	0.469231	0.623188	0.63466	0.420879	0.434535	0.456919
4	4.61573	3.76617	0.475824	0.616352	0.711316	0.469231	0.623188	0.63466	0.420879	0.434535	0.456919
1	4.61573	0.582203	0.475824	0.616352	0.711316	0.469231	0.623188	0.63466	0.420879	0.434535	0.456919
2	4.61573	0.582203	0.475824	0.616352	0.711316	0.469231	0.623188	0.63466	0.420879	0.434535	0.456919
5	4.61573	0.582203	0.475824	0.616352	0.711316	0.469231	0.623188	0.63466	0.420879	0.434535	0.456919
6	4.61573	0.582203	0.475824	0.616352	0.711316	0.469231	0.623188	0.63466	0.420879	0.434535	0.456919
8	4.61573	0.582203	0.475824	0.616352	0.711316	0.469231	0.623188	0.63466	0.420879	0.434535	0.456919
7	4.61573	1e-12	0.475824	0.616352	0.711316	0.469231	0.623188	0.63466	0.420879	0.434535	0.456919
